{"epoch": 50, "loss": [[1.5322542807151531, 1.276721779642434, 1.0832490838807205, 1.0528014590000283, 1.0639781951904297, 1.0667792270923484, 1.0581579516673911, 1.0317258485432328, 1.01937983775961, 1.0308974611348118, 1.0170178022877923, 1.022483112483189, 1.0383313421545357, 1.0287679618802563, 1.0122126012012875, 1.0274638040312405, 1.0060481572973317, 1.0042142107568939, 1.010950022730334, 0.9926572791461287, 1.0477725760690098, 1.0842625149365128, 1.0667151747078731, 1.0551638932063663, 1.0364860542889298, 1.0386386246516788, 1.0258333888547173, 1.0143981247112668, 1.0382877978785285, 1.0515383070912854, 1.0182057084708378, 1.0128221840694034, 1.0100651280633335, 1.0168709816603825, 1.0125104867178818, 1.0181984243721798, 1.0088467515748123, 0.9857686634721428, 1.0070507629164334, 1.000117472533522, 1.0187248320415103, 1.0116594783191024, 1.026064143098634, 1.000269456156369, 1.0233028366647918, 1.0148968429401004, 1.0006060189214245, 1.0158146845883336, 0.9965326436634722, 0.9831944519075854], [1.2348346948623656, 1.2022782206535338, 1.061432909965515, 1.0753178477287293, 1.0489927411079407, 0.9471858620643616, 0.9951149463653565, 1.0177250504493713, 1.013878858089447, 0.9733186721801758, 0.9797808170318604, 1.0132164001464843, 0.9712995290756226, 1.0710731029510498, 1.0519245505332946, 0.9900194406509399, 0.9849618673324585, 1.0071331024169923, 0.9467983484268189, 1.015841269493103, 0.9948246479034424, 0.9660447120666504, 1.0553988456726073, 1.0554906249046325, 0.9985412120819092, 1.0143632411956787, 0.9823113560676575, 1.0109457969665527, 1.073560905456543, 1.0226684212684631, 1.0080740213394166, 1.1397334694862367, 1.0358233809471131, 0.9734421968460083, 0.9659407496452331, 1.0669124603271485, 1.035913920402527, 1.1425097584724426, 0.9778966903686523, 0.994050920009613, 0.9844459295272827, 1.0514592051506042, 1.0121029615402222, 0.9971158981323243, 0.9665555238723755, 1.0582772254943849, 1.1194025158882142, 1.1013590574264527, 0.9838319063186646, 1.1837538957595826]], "acc": [[0.4141246684350133, 0.3821286472148541, 0.4776193633952255, 0.4550729442970822, 0.4141246684350133, 0.4409814323607427, 0.45291777188328913, 0.4253978779840849, 0.4476127320954907, 0.4399867374005305, 0.4723143236074271, 0.471816976127321, 0.4442970822281167, 0.4807692307692307, 0.455736074270557, 0.4545755968169761, 0.4567307692307693, 0.46369363395225466, 0.4802718832891247, 0.48458222811671087, 0.41843501326259946, 0.4307029177718833, 0.4356763925729443, 0.41959549071618035, 0.4421419098143236, 0.4255636604774536, 0.4550729442970822, 0.4366710875331565, 0.44811007957559684, 0.4421419098143236, 0.4509283819628647, 0.4303713527851459, 0.42688992042440316, 0.4476127320954907, 0.43468169761273207, 0.4141246684350133, 0.41478779840848806, 0.4399867374005305, 0.44595490716180375, 0.4287135278514589, 0.4550729442970822, 0.4797745358090186, 0.45557029177718833, 0.4802718832891247, 0.45076259946949604, 0.4852453580901857, 0.45026525198938994, 0.47811671087533153, 0.45175729442970824, 0.4766246684350133], [0.4625, 0.375, 0.3625, 0.375, 0.4625, 0.5625, 0.475, 0.4, 0.375, 0.5625, 0.475, 0.55, 0.5625, 0.3125, 0.425, 0.4375, 0.4875, 0.4, 0.5625, 0.5, 0.575, 0.55, 0.375, 0.3375, 0.4625, 0.4125, 0.4375, 0.4625, 0.325, 0.5375, 0.4625, 0.3125, 0.5625, 0.5875, 0.475, 0.325, 0.475, 0.4625, 0.5625, 0.4875, 0.5375, 0.35, 0.45, 0.4375, 0.45, 0.4, 0.4125, 0.425, 0.4625, 0.4625]], "precision": [[0.25050519403967675, 0.25159162357438225, 0.2627454601592532, 0.2958594566353187, 0.26120619482688445, 0.25660426738012937, 0.28787610856576373, 0.27813541822162513, 0.27490933396105816, 0.27655599509047785, 0.3008717495786461, 0.29232927034651174, 0.2674755480789963, 0.2884994316028799, 0.2793712354057182, 0.23132016450981965, 0.2782111885560161, 0.2805201184511529, 0.3074169763824936, 0.27858423504975227, 0.29528791770171087, 0.3212879872362631, 0.23809587602691054, 0.2659571431123155, 0.2670722795722796, 0.2787528403907715, 0.27138571836847697, 0.262187493221976, 0.271482683982684, 0.26560215008490873, 0.2640394407635787, 0.23706467542674436, 0.33666355993942193, 0.32089184761598555, 0.2761898542070956, 0.31962054548261437, 0.29775219990737234, 0.33745853444129303, 0.3591980178187075, 0.25233245362555706, 0.24875392806427288, 0.29243058984438286, 0.27329130001543794, 0.31270712046574123, 0.281344023154368, 0.303161238506066, 0.29614571252502286, 0.29619697033490133, 0.30193341141617003, 0.30450462691842006], [0.15416666666666665, 0.125, 0.21237373737373738, 0.19226190476190474, 0.15416666666666665, 0.25222222222222224, 0.30773892773892775, 0.26216931216931216, 0.125, 0.31794871794871793, 0.2219047619047619, 0.18333333333333335, 0.23188034188034184, 0.21767195767195768, 0.2778932178932179, 0.2800854700854701, 0.3086713286713287, 0.26365079365079364, 0.2519444444444444, 0.2683760683760684, 0.29687830687830685, 0.18333333333333335, 0.125, 0.19706043956043956, 0.15416666666666665, 0.22713980463980463, 0.21000000000000002, 0.15416666666666665, 0.17923076923076922, 0.30105228105228105, 0.30765752765752763, 0.15497474747474743, 0.4199023199023199, 0.39314574314574313, 0.30643578643578645, 0.22883116883116883, 0.22444444444444445, 0.24991452991452992, 0.2538888888888889, 0.31015651015651013, 0.3576719576719577, 0.11805555555555554, 0.3046786546786547, 0.18166666666666664, 0.25206349206349205, 0.22406926406926408, 0.27833943833943836, 0.270995670995671, 0.2812861212861213, 0.24893550893550892]], "recall": [[0.3627842464049361, 0.3095001741553465, 0.34392363702708534, 0.3476721235341925, 0.3107122124363504, 0.33775687913618946, 0.3418959712063161, 0.32374691081587625, 0.3262680167852582, 0.3220032840722496, 0.35443349753694586, 0.33926581081753493, 0.32826665671493255, 0.3555812642019539, 0.3390949727156624, 0.33354314906039045, 0.33942255062944726, 0.34047743444295164, 0.3507637955913818, 0.341997147169561, 0.3284858181409906, 0.3536916786916788, 0.3338213829593141, 0.31317733990147784, 0.3378605430329569, 0.3275177887246852, 0.3505336617405583, 0.33218846925743484, 0.3389208173690933, 0.3439427111840906, 0.33846925743477463, 0.3287629994526546, 0.3796271416961073, 0.3611596258147982, 0.3481918783642922, 0.33820014595876663, 0.32339694150038967, 0.36561758803138117, 0.3895685093960956, 0.3320105820105821, 0.33186462324393357, 0.3559888706440432, 0.34018427294289366, 0.36151705893085195, 0.3498527972665903, 0.3654707999535586, 0.3445928911446153, 0.36134829410691477, 0.3446003549451826, 0.37529647874475464], [0.3333333333333333, 0.26666666666666666, 0.2574074074074074, 0.26936026936026936, 0.3333333333333333, 0.34444444444444444, 0.3619047619047619, 0.3106613756613757, 0.26666666666666666, 0.3444179894179894, 0.346031746031746, 0.3333333333333333, 0.3433333333333333, 0.2511111111111111, 0.3185185185185185, 0.28682539682539687, 0.37261904761904757, 0.3320899470899471, 0.34444444444444444, 0.34119528619528616, 0.36817460317460315, 0.3333333333333333, 0.26666666666666666, 0.26944444444444443, 0.3333333333333333, 0.28613756613756614, 0.32021164021164017, 0.3333333333333333, 0.24407407407407405, 0.3462169312169312, 0.318968253968254, 0.2595238095238095, 0.4412962962962963, 0.4314550264550265, 0.3708994708994709, 0.2096296296296296, 0.3407407407407407, 0.3659259259259259, 0.3466666666666666, 0.2921693121693122, 0.39642857142857146, 0.25555555555555554, 0.3465608465608465, 0.3, 0.35108225108225105, 0.30128427128427127, 0.3291269841269841, 0.32111111111111107, 0.33454545454545453, 0.3403703703703703]],