{"epoch": 20, "loss": [[1.0477725760690098, 1.0842625149365128, 1.0667151747078731, 1.0551638932063663, 1.0364860542889298, 1.0386386246516788, 1.0258333888547173, 1.0143981247112668, 1.0382877978785285, 1.0515383070912854, 1.0182057084708378, 1.0128221840694034, 1.0100651280633335, 1.0168709816603825, 1.0125104867178818, 1.0181984243721798, 1.0088467515748123, 0.9857686634721428, 1.0070507629164334, 1.000117472533522], [0.9948246479034424, 0.9660447120666504, 1.0553988456726073, 1.0554906249046325, 0.9985412120819092, 1.0143632411956787, 0.9823113560676575, 1.0109457969665527, 1.073560905456543, 1.0226684212684631, 1.0080740213394166, 1.1397334694862367, 1.0358233809471131, 0.9734421968460083, 0.9659407496452331, 1.0669124603271485, 1.035913920402527, 1.1425097584724426, 0.9778966903686523, 0.994050920009613]], "acc": [[0.41843501326259946, 0.4307029177718833, 0.4356763925729443, 0.41959549071618035, 0.4421419098143236, 0.4255636604774536, 0.4550729442970822, 0.4366710875331565, 0.44811007957559684, 0.4421419098143236, 0.4509283819628647, 0.4303713527851459, 0.42688992042440316, 0.4476127320954907, 0.43468169761273207, 0.4141246684350133, 0.41478779840848806, 0.4399867374005305, 0.44595490716180375, 0.4287135278514589], [0.575, 0.55, 0.375, 0.3375, 0.4625, 0.4125, 0.4375, 0.4625, 0.325, 0.5375, 0.4625, 0.3125, 0.5625, 0.5875, 0.475, 0.325, 0.475, 0.4625, 0.5625, 0.4875]], "precision": [[0.29528791770171087, 0.3212879872362631, 0.23809587602691054, 0.2659571431123155, 0.2670722795722796, 0.2787528403907715, 0.27138571836847697, 0.262187493221976, 0.271482683982684, 0.26560215008490873, 0.2640394407635787, 0.23706467542674436, 0.33666355993942193, 0.32089184761598555, 0.2761898542070956, 0.31962054548261437, 0.29775219990737234, 0.33745853444129303, 0.3591980178187075, 0.25233245362555706], [0.29687830687830685, 0.18333333333333335, 0.125, 0.19706043956043956, 0.15416666666666665, 0.22713980463980463, 0.21000000000000002, 0.15416666666666665, 0.17923076923076922, 0.30105228105228105, 0.30765752765752763, 0.15497474747474743, 0.4199023199023199, 0.39314574314574313, 0.30643578643578645, 0.22883116883116883, 0.22444444444444445, 0.24991452991452992, 0.2538888888888889, 0.31015651015651013]], "recall": [[0.3284858181409906, 0.3536916786916788, 0.3338213829593141, 0.31317733990147784, 0.3378605430329569, 0.3275177887246852, 0.3505336617405583, 0.33218846925743484, 0.3389208173690933, 0.3439427111840906, 0.33846925743477463, 0.3287629994526546, 0.3796271416961073, 0.3611596258147982, 0.3481918783642922, 0.33820014595876663, 0.32339694150038967, 0.36561758803138117, 0.3895685093960956, 0.3320105820105821], [0.36817460317460315, 0.3333333333333333, 0.26666666666666666, 0.26944444444444443, 0.3333333333333333, 0.28613756613756614, 0.32021164021164017, 0.3333333333333333, 0.24407407407407405, 0.3462169312169312, 0.318968253968254, 0.2595238095238095, 0.4412962962962963, 0.4314550264550265, 0.3708994708994709, 0.2096296296296296, 0.3407407407407407, 0.3659259259259259, 0.3466666666666666, 0.2921693121693122]], "f1": [[0.3055419761670501, 0.3309259777685546, 0.26976895929825484, 0.27738732561516105, 0.2878367841132068, 0.29663777293963955, 0.2964602290864041, 0.28709682289234345, 0.290146460953356, 0.29189844164070766, 0.28377997654005127, 0.2619685459432237, 0.35283776910666886, 0.3319761436591642, 0.29383546652363574, 0.32289014147685613, 0.29922397027535186, 0.3464657656925238, 0.3562310774254306, 0.2790990640659454], [0.3266690545650612, 0.22635748792270532, 0.16863492063492064, 0.22272943485726565, 0.2092146307798482, 0.23648361403206986, 0.2472399386755967, 0.20961616161616164, 0.2060981912144703, 0.32162482160566125, 0.30523975040335677, 0.18067128399338317, 0.42821706533098525, 0.4108321252621824, 0.33202018574249925, 0.21073916984799404, 0.260518225735617, 0.28226547352721854, 0.27532608313096113, 0.290208974880142]]}