{"epoch": 20, "loss": [[1.5322542807151531, 1.276721779642434, 1.0832490838807205, 1.0528014590000283, 1.0639781951904297, 1.0667792270923484, 1.0581579516673911, 1.0317258485432328, 1.01937983775961, 1.0308974611348118, 1.0170178022877923, 1.022483112483189, 1.0383313421545357, 1.0287679618802563, 1.0122126012012875, 1.0274638040312405, 1.0060481572973317, 1.0042142107568939, 1.010950022730334, 0.9926572791461287], [1.2348346948623656, 1.2022782206535338, 1.061432909965515, 1.0753178477287293, 1.0489927411079407, 0.9471858620643616, 0.9951149463653565, 1.0177250504493713, 1.013878858089447, 0.9733186721801758, 0.9797808170318604, 1.0132164001464843, 0.9712995290756226, 1.0710731029510498, 1.0519245505332946, 0.9900194406509399, 0.9849618673324585, 1.0071331024169923, 0.9467983484268189, 1.015841269493103]], "acc": [[0.4141246684350133, 0.3821286472148541, 0.4776193633952255, 0.4550729442970822, 0.4141246684350133, 0.4409814323607427, 0.45291777188328913, 0.4253978779840849, 0.4476127320954907, 0.4399867374005305, 0.4723143236074271, 0.471816976127321, 0.4442970822281167, 0.4807692307692307, 0.455736074270557, 0.4545755968169761, 0.4567307692307693, 0.46369363395225466, 0.4802718832891247, 0.48458222811671087], [0.4625, 0.375, 0.3625, 0.375, 0.4625, 0.5625, 0.475, 0.4, 0.375, 0.5625, 0.475, 0.55, 0.5625, 0.3125, 0.425, 0.4375, 0.4875, 0.4, 0.5625, 0.5]], "precision": [[0.25050519403967675, 0.25159162357438225, 0.2627454601592532, 0.2958594566353187, 0.26120619482688445, 0.25660426738012937, 0.28787610856576373, 0.27813541822162513, 0.27490933396105816, 0.27655599509047785, 0.3008717495786461, 0.29232927034651174, 0.2674755480789963, 0.2884994316028799, 0.2793712354057182, 0.23132016450981965, 0.2782111885560161, 0.2805201184511529, 0.3074169763824936, 0.27858423504975227], [0.15416666666666665, 0.125, 0.21237373737373738, 0.19226190476190474, 0.15416666666666665, 0.25222222222222224, 0.30773892773892775, 0.26216931216931216, 0.125, 0.31794871794871793, 0.2219047619047619, 0.18333333333333335, 0.23188034188034184, 0.21767195767195768, 0.2778932178932179, 0.2800854700854701, 0.3086713286713287, 0.26365079365079364, 0.2519444444444444, 0.2683760683760684]], "recall": [[0.3627842464049361, 0.3095001741553465, 0.34392363702708534, 0.3476721235341925, 0.3107122124363504, 0.33775687913618946, 0.3418959712063161, 0.32374691081587625, 0.3262680167852582, 0.3220032840722496, 0.35443349753694586, 0.33926581081753493, 0.32826665671493255, 0.3555812642019539, 0.3390949727156624, 0.33354314906039045, 0.33942255062944726, 0.34047743444295164, 0.3507637955913818, 0.341997147169561], [0.3333333333333333, 0.26666666666666666, 0.2574074074074074, 0.26936026936026936, 0.3333333333333333, 0.34444444444444444, 0.3619047619047619, 0.3106613756613757, 0.26666666666666666, 0.3444179894179894, 0.346031746031746, 0.3333333333333333, 0.3433333333333333, 0.2511111111111111, 0.3185185185185185, 0.28682539682539687, 0.37261904761904757, 0.3320899470899471, 0.34444444444444444, 0.34119528619528616]], "f1": [[0.28487797140852106, 0.2664464247947179, 0.2923056949518532, 0.3146104579910853, 0.279399465759627, 0.2814545337224463, 0.299016533568801, 0.29443145868523307, 0.2914618034244156, 0.290679034865625, 0.3207057454849346, 0.3061931821444625, 0.28847903490481963, 0.307980426783356, 0.2976914276537761, 0.2599766745316793, 0.2978417792817686, 0.2990870193122786, 0.3224992511071211, 0.2966650344102627], [0.20961616161616164, 0.1683257418909593, 0.2325991624224073, 0.2120148274878814, 0.2082806082806083, 0.27217857588227956, 0.3277549621732357, 0.2837064323670152, 0.16805223761745502, 0.3285232789547712, 0.2588291231969393, 0.2266380962033136, 0.26645952789349014, 0.23313683627044504, 0.296240210610221, 0.2758762064547966, 0.3340110704892961, 0.2921554650522197, 0.2736309458290746, 0.2984428489822502]]}