{"epoch": 10, "loss": [[1.0187248320415103, 1.0116594783191024, 1.026064143098634, 1.000269456156369, 1.0233028366647918, 1.0148968429401004, 1.0006060189214245, 1.0158146845883336, 0.9965326436634722, 0.9831944519075854], [0.9844459295272827, 1.0514592051506042, 1.0121029615402222, 0.9971158981323243, 0.9665555238723755, 1.0582772254943849, 1.1194025158882142, 1.1013590574264527, 0.9838319063186646, 1.1837538957595826]], "acc": [[0.4550729442970822, 0.4797745358090186, 0.45557029177718833, 0.4802718832891247, 0.45076259946949604, 0.4852453580901857, 0.45026525198938994, 0.47811671087533153, 0.45175729442970824, 0.4766246684350133], [0.5375, 0.35, 0.45, 0.4375, 0.45, 0.4, 0.4125, 0.425, 0.4625, 0.4625]], "precision": [[0.24875392806427288, 0.29243058984438286, 0.27329130001543794, 0.31270712046574123, 0.281344023154368, 0.303161238506066, 0.29614571252502286, 0.29619697033490133, 0.30193341141617003, 0.30450462691842006], [0.3576719576719577, 0.11805555555555554, 0.3046786546786547, 0.18166666666666664, 0.25206349206349205, 0.22406926406926408, 0.27833943833943836, 0.270995670995671, 0.2812861212861213, 0.24893550893550892]], "recall": [[0.33186462324393357, 0.3559888706440432, 0.34018427294289366, 0.36151705893085195, 0.3498527972665903, 0.3654707999535586, 0.3445928911446153, 0.36134829410691477, 0.3446003549451826, 0.37529647874475464], [0.39642857142857146, 0.25555555555555554, 0.3465608465608465, 0.3, 0.35108225108225105, 0.30128427128427127, 0.3291269841269841, 0.32111111111111107, 0.33454545454545453, 0.3403703703703703]], "f1": [[0.27596855756924493, 0.3152482683611037, 0.29320970264956353, 0.331750049419305, 0.30732043984685153, 0.32517501917666236, 0.31503592766780275, 0.31925045200522784, 0.3156159456225971, 0.3326352500012447], [0.3746106567164061, 0.16121463077984816, 0.32332234974595103, 0.20353535353535354, 0.2756063299351035, 0.2539144769352991, 0.30130557941811903, 0.292923726517503, 0.2975684095172394, 0.28214952422819833]]}