{"epoch": 20, "loss": [[0.6765791376431783, 0.6373347143332163, 0.48252757887045544, 0.28292562812566757, 0.17957218239704767, 0.15946128219366074, 0.17764691387613615, 0.15101164827744165, 0.1414265731970469, 0.11582582195599873, 0.1250559687614441, 0.115532120068868, 0.09291348699480295, 0.0784957477202018, 0.06052673483888308, 0.052803347197671734, 0.04270006623119116, 0.03465817030519247, 0.021128556225448847, 0.010977719910442829], [0.6859623789787292, 0.6734357476234436, 0.6964648962020874, 0.7337895035743713, 0.7498474717140198, 0.7828646898269653, 0.7854397296905518, 0.6947084665298462, 0.8877625465393066, 1.1913982629776, 1.1414055824279785, 1.2174758911132812, 1.4772425889968872, 1.5208368301391602, 1.1332322359085083, 1.3508152961730957, 1.656823754310608, 1.224391222000122, 1.2437747716903687, 1.2851691246032715]], "acc": [[0.5705208333333333, 0.6460416666666666, 0.8095833333333333, 0.9334375, 0.9658333333333333, 0.9464583333333333, 0.9479166666666666, 0.9401041666666666, 0.9502083333333333, 0.9461458333333334, 0.960625, 0.9554166666666667, 0.9791666666666666, 0.9817708333333334, 0.984375, 0.9803125, 0.9895833333333334, 0.9921875, 1.0, 1.0], [0.6, 0.6, 0.6, 0.6, 0.6, 0.6, 0.6, 0.64, 0.62, 0.52, 0.52, 0.56, 0.58, 0.52, 0.68, 0.56, 0.54, 0.62, 0.6, 0.62]], "precision": [[0.5524004627040681, 0.65614854649517, 0.8325503488104601, 0.9333089775694131, 0.9685593331426664, 0.9454887552749396, 0.9499931883423344, 0.9399098400535183, 0.9527645234882077, 0.9467156908817232, 0.9591674691229753, 0.9541584232760704, 0.9799968071519795, 0.9813742709437964, 0.9832006071041158, 0.9807473869973871, 0.9887737670825908, 0.9904490863542588, 1.0, 1.0], [0.3, 0.3, 0.3, 0.3, 0.3, 0.3, 0.3, 0.8125, 0.8061224489795918, 0.2826086956521739, 0.47023809523809523, 0.6102941176470589, 0.52710027100271, 0.4107142857142857, 0.6754385964912281, 0.5560897435897436, 0.5483091787439613, 0.6288244766505635, 0.578125, 0.5935550935550935]], "recall": [[0.5232983039256758, 0.6295528643276141, 0.7994766614558282, 0.933290845661778, 0.9644239062342511, 0.9489508802349093, 0.9465157595590868, 0.9471228358251952, 0.9491799979703206, 0.945659449580473, 0.9644140989729225, 0.9573530436177223, 0.9785043747502035, 0.9815900597647681, 0.9847585439690704, 0.9806939035776913, 0.9901345548381956, 0.9935159127232298, 1.0, 1.0], [0.5, 0.5, 0.5, 0.5, 0.5, 0.5, 0.5, 0.55, 0.525, 0.43333333333333335, 0.475, 0.6000000000000001, 0.5166666666666667, 0.45, 0.6333333333333333, 0.5583333333333333, 0.55, 0.6333333333333333, 0.575, 0.575]], "f1": [[0.5312185168358736, 0.6317067022061065, 0.8154898790388972, 0.9332068189705917, 0.9664421161080691, 0.9471784611335515, 0.9482116086166182, 0.943446296695872, 0.9509351543197728, 0.946170670468625, 0.9617685408916858, 0.9557459094639088, 0.9792493960496396, 0.9814750893689933, 0.9839776808881648, 0.980715071647091, 0.9894509901541685, 0.9919771224894379, 1.0, 1.0], [0.37499999999999994, 0.37499999999999994, 0.37499999999999994, 0.37499999999999994, 0.37499999999999994, 0.37499999999999994, 0.37499999999999994, 0.6559633027522936, 0.6358758144883097, 0.34210526315789475, 0.47260705289672544, 0.6051032806804375, 0.5218313211302956, 0.42946058091286304, 0.6537086684539767, 0.5572092800306778, 0.5491532878821201, 0.6310708514076719, 0.5765582655826558, 0.5841302317306408]]}